{
  "fa": {
    "site": {
      "title": "اکو۳دی | مراقبت از زمین",
      "brand": "اکو۳دی",
      "tagline": "زمین را قدم به قدم تمیز کنیم."
    },
    "nav": {
      "map": "نقشه",
      "gallery": "گالری",
      "leaderboard": "جدول امتیاز",
      "tutorials": "آموزش‌ها",
      "survey": "نظرسنجی",
      "about": "درباره ما",
      "contact": "ارتباط",
      "login": "ورود"
    },
    "hero": {
      "title": "خانه‌مان را حفظ کنیم",
      "subtitle": "نقاط آلوده را علامت بزن، تمیز کن، عکس بگذار و امتیاز بگیر."
    },
    "cta": {
      "map": "باز کردن نقشه",
      "gallery": "دیدن گالری"
    },
    "cards": {
      "cleanTitle": "تمیزکاری و امتیاز",
      "cleanText": "هر تمیزکاری تأیید شده ۵ امتیاز دارد.",
      "mapTitle": "علامت‌گذاری روی نقشه",
      "mapText": "مناطق نیازمند توجه را اضافه کنید.",
      "shareTitle": "اشتراک عکس",
      "shareText": "قبل/بعد را به اشتراک بگذارید."
    },
    "map": {
      "title": "نقشه تعاملی",
      "areaName": "نام منطقه",
      "areaDesc": "توضیحات",
      "saveArea": "ذخیره منطقه",
      "publicList": "لیست عمومی",
      "status": "وضعیت",
      "dirty": "آلوده",
      "cleaned": "پاکسازی شده",
      "filter": "فیلتر"
    },
    "gallery": {
      "title": "گالری تمیزکاری",
      "name": "نام شما",
      "caption": "شرح",
      "photo": "عکس",
      "upload": "بارگذاری",
      "recent": "آخرین بارگذاری‌ها"
    },
    "leaderboard": {
      "title": "جدول امتیاز"
    },
    "auth": {
      "title": "ثبت‌نام / ورود",
      "signup": "ثبت‌نام",
      "login": "ورود"
    },
    "survey": {
      "title": "نظرسنجی سایت",
      "q1": "استفاده از سایت چقدر آسان بود؟",
      "q2": "کدام قابلیت را بیشتر دوست داشتید؟",
      "q3": "پیشنهاد؟",
      "submit": "ارسال",
      "recent": "بازخوردهای اخیر"
    },
    "about": {
      "title": "درباره ما",
      "body": "اکو۳دی یک پروژه مردمی برای نشانه‌گذاری، پاکسازی و جشن گرفتن مکان‌های احیا شده طبیعت است."
    },
    "contact": {
      "title": "ارتباط با ما",
      "body": "ایمیل: team@eco3d.example — شبکه‌های اجتماعی: @eco3d"
    },
    "tutorials": {
      "title": "آموزش‌ها",
      "cleaning": "پاکسازی طبیعت",
      "sorting": "تفکیک زباله",
      "recycling": "بازیافت"
    }
  },
  "en": {
    "site": {
      "title": "Eco3D | Earth Care",
      "brand": "Eco3D",
      "tagline": "Clean the planet, one spot at a time."
    },
    "nav": {
      "map": "Map",
      "gallery": "Gallery",
      "leaderboard": "Leaderboard",
      "tutorials": "Tutorials",
      "survey": "Survey",
      "about": "About",
      "contact": "Contact",
      "login": "Login"
    },
    "hero": {
      "title": "Protect Our Home",
      "subtitle": "Mark dirty spots, clean them, share proof, and earn points."
    },
    "cta": {
      "map": "Open Map",
      "gallery": "View Gallery"
    },
    "cards": {
      "cleanTitle": "Clean & Earn",
      "cleanText": "Each verified cleanup gives you 5 points.",
      "mapTitle": "Mark the map",
      "mapText": "Add areas that need attention.",
      "shareTitle": "Share photos",
      "shareText": "Upload before/after shots."
    },
    "map": {
      "title": "Interactive Map",
      "areaName": "Area name",
      "areaDesc": "Description",
      "saveArea": "Save Area",
      "publicList": "Public areas",
      "status": "Status",
      "dirty": "Dirty",
      "cleaned": "Cleaned",
      "filter": "Filter"
    },
    "gallery": {
      "title": "Cleanup Gallery",
      "name": "Your name",
      "caption": "Caption",
      "photo": "Photo",
      "upload": "Upload",
      "recent": "Recent uploads"
    },
    "leaderboard": {
      "title": "Leaderboard"
    },
    "auth": {
      "title": "Sign up / Login",
      "signup": "Sign up",
      "login": "Login"
    },
    "survey": {
      "title": "Website Survey",
      "q1": "How easy is the site to use?",
      "q2": "What feature do you like most?",
      "q3": "Any suggestions?",
      "submit": "Submit",
      "recent": "Recent feedback"
    },
    "about": {
      "title": "About Us",
      "body": "Eco3D is a community-driven project to map, clean, and celebrate restored natural places."
    },
    "contact": {
      "title": "Contact Us",
      "body": "Email: team@eco3d.example — Follow us on social media: @eco3d"
    },
    "tutorials": {
      "title": "Tutorials",
      "cleaning": "Cleaning Nature",
      "sorting": "Waste Sorting",
      "recycling": "Recycling"
    }
  },
  "fr": {
    "site": {
      "title": "Eco3D | Soins de la Terre",
      "brand": "Eco3D",
      "tagline": "Nettoyons la planète, point par point."
    },
    "nav": {
      "map": "Carte",
      "gallery": "Galerie",
      "leaderboard": "Classement",
      "tutorials": "Tutoriels",
      "survey": "Sondage",
      "about": "À propos",
      "contact": "Contact",
      "login": "Connexion"
    },
    "hero": {
      "title": "Protégeons notre maison",
      "subtitle": "Marquez, nettoyez, partagez et gagnez des points."
    },
    "cta": {
      "map": "Ouvrir la carte",
      "gallery": "Voir la galerie"
    },
    "cards": {
      "cleanTitle": "Nettoyer & Gagner",
      "cleanText": "Chaque nettoyage vérifié vaut 5 points.",
      "mapTitle": "Marquer la carte",
      "mapText": "Ajoutez les zones à traiter.",
      "shareTitle": "Partager des photos",
      "shareText": "Avant/après bienvenus."
    },
    "map": {
      "title": "Carte interactive",
      "areaName": "Nom de la zone",
      "areaDesc": "Description",
      "saveArea": "Enregistrer",
      "publicList": "Zones publiques",
      "status": "Statut",
      "dirty": "Sale",
      "cleaned": "Nettoyé",
      "filter": "Filtre"
    },
    "gallery": {
      "title": "Galerie de nettoyage",
      "name": "Votre nom",
      "caption": "Légende",
      "photo": "Photo",
      "upload": "Téléverser",
      "recent": "Envois récents"
    },
    "leaderboard": {
      "title": "Classement"
    },
    "auth": {
      "title": "Inscription / Connexion",
      "signup": "Inscription",
      "login": "Connexion"
    },
    "survey": {
      "title": "Sondage du site",
      "q1": "Facilité d’utilisation ?",
      "q2": "Fonction préférée ?",
      "q3": "Suggestions ?",
      "submit": "Envoyer",
      "recent": "Avis récents"
    },
    "about": {
      "title": "À propos",
      "body": "Eco3D est un projet communautaire pour cartographier et nettoyer la nature."
    },
    "contact": {
      "title": "Contact",
      "body": "Email : team@eco3d.example — Suivez-nous : @eco3d"
    },
    "tutorials": {
      "title": "Tutoriels",
      "cleaning": "Nettoyage de la nature",
      "sorting": "Tri des déchets",
      "recycling": "Recyclage"
    }
  },
  "no": {
    "site": {
      "title": "Eco3D | Ta vare på jorden",
      "brand": "Eco3D",
      "tagline": "Rengjør planeten, ett sted av gangen."
    },
    "nav": {
      "map": "Kart",
      "gallery": "Galleri",
      "leaderboard": "Toppliste",
      "tutorials": "Veiledninger",
      "survey": "Undersøkelse",
      "about": "Om oss",
      "contact": "Kontakt",
      "login": "Logg inn"
    },
    "hero": {
      "title": "Beskytt hjemmet vårt",
      "subtitle": "Marker skitne steder, rydd dem og tjen poeng."
    },
    "cta": {
      "map": "Åpne kart",
      "gallery": "Se galleri"
    },
    "cards": {
      "cleanTitle": "Rydd & Tjen",
      "cleanText": "Hver verifiserte rydding gir 5 poeng.",
      "mapTitle": "Marker kartet",
      "mapText": "Legg til områder som trenger innsats.",
      "shareTitle": "Del bilder",
      "shareText": "Før/etter-bilder motiverer."
    },
    "map": {
      "title": "Interaktivt kart",
      "areaName": "Områdenavn",
      "areaDesc": "Beskrivelse",
      "saveArea": "Lagre område",
      "publicList": "Offentlige områder",
      "status": "Status",
      "dirty": "Skitten",
      "cleaned": "Ryddet",
      "filter": "Filter"
    },
    "gallery": {
      "title": "Ryddegalleri",
      "name": "Ditt navn",
      "caption": "Bildetekst",
      "photo": "Foto",
      "upload": "Last opp",
      "recent": "Nylige opplastinger"
    },
    "leaderboard": {
      "title": "Toppliste"
    },
    "auth": {
      "title": "Registrer / Logg inn",
      "signup": "Registrer",
      "login": "Logg inn"
    },
    "survey": {
      "title": "Nettstedsundersøkelse",
      "q1": "Hvor lett å bruke?",
      "q2": "Favorittfunksjon?",
      "q3": "Forslag?",
      "submit": "Send",
      "recent": "Siste tilbakemeldinger"
    },
    "about": {
      "title": "Om oss",
      "body": "Eco3D er et samfunnsprosjekt for å kartlegge og rydde naturen."
    },
    "contact": {
      "title": "Kontakt oss",
      "body": "E-post: team@eco3d.example — Følg oss: @eco3d"
    },
    "tutorials": {
      "title": "Veiledninger",
      "cleaning": "Rydding i naturen",
      "sorting": "Kildesortering",
      "recycling": "Resirkulering"
    }
  },
  "it": {
    "site": {
      "title": "Eco3D | Cura della Terra",
      "brand": "Eco3D",
      "tagline": "Ripuliamo il pianeta, un luogo alla volta."
    },
    "nav": {
      "map": "Mappa",
      "gallery": "Galleria",
      "leaderboard": "Classifica",
      "tutorials": "Tutorial",
      "survey": "Sondaggio",
      "about": "Chi siamo",
      "contact": "Contatti",
      "login": "Accesso"
    },
    "hero": {
      "title": "Proteggiamo la nostra casa",
      "subtitle": "Segna, pulisci, condividi e guadagna punti."
    },
    "cta": {
      "map": "Apri la mappa",
      "gallery": "Vedi galleria"
    },
    "cards": {
      "cleanTitle": "Pulisci & Guadagna",
      "cleanText": "Ogni pulizia verificata vale 5 punti.",
      "mapTitle": "Segna la mappa",
      "mapText": "Aggiungi aree che hanno bisogno.",
      "shareTitle": "Condividi foto",
      "shareText": "Prima/dopo."
    },
    "map": {
      "title": "Mappa interattiva",
      "areaName": "Nome area",
      "areaDesc": "Descrizione",
      "saveArea": "Salva area",
      "publicList": "Aree pubbliche",
      "status": "Stato",
      "dirty": "Sporca",
      "cleaned": "Ripulita",
      "filter": "Filtro"
    },
    "gallery": {
      "title": "Galleria pulizie",
      "name": "Il tuo nome",
      "caption": "Didascalia",
      "photo": "Foto",
      "upload": "Carica",
      "recent": "Caricamenti recenti"
    },
    "leaderboard": {
      "title": "Classifica"
    },
    "auth": {
      "title": "Registrati / Accedi",
      "signup": "Registrati",
      "login": "Accedi"
    },
    "survey": {
      "title": "Sondaggio",
      "q1": "Quanto è facile usare il sito?",
      "q2": "Funzione preferita?",
      "q3": "Suggerimenti?",
      "submit": "Invia",
      "recent": "Feedback recenti"
    },
    "about": {
      "title": "Chi siamo",
      "body": "Eco3D è un progetto della comunità per mappare e ripulire la natura."
    },
    "contact": {
      "title": "Contatti",
      "body": "Email: team@eco3d.example — Seguici: @eco3d"
    },
    "tutorials": {
      "title": "Tutorial",
      "cleaning": "Pulizia della natura",
      "sorting": "Raccolta differenziata",
      "recycling": "Riciclaggio"
    }
  },
  "es": {
    "site": {
      "title": "Eco3D | Cuidemos la Tierra",
      "brand": "Eco3D",
      "tagline": "Limpia el planeta, un lugar a la vez."
    },
    "nav": {
      "map": "Mapa",
      "gallery": "Galería",
      "leaderboard": "Clasificación",
      "tutorials": "Tutoriales",
      "survey": "Encuesta",
      "about": "Sobre nosotros",
      "contact": "Contacto",
      "login": "Iniciar sesión"
    },
    "hero": {
      "title": "Protejamos nuestro hogar",
      "subtitle": "Marca, limpia, comparte y gana puntos."
    },
    "cta": {
      "map": "Abrir mapa",
      "gallery": "Ver galería"
    },
    "cards": {
      "cleanTitle": "Limpia y gana",
      "cleanText": "Cada limpieza verificada vale 5 puntos.",
      "mapTitle": "Marca el mapa",
      "mapText": "Agrega áreas que necesitan ayuda.",
      "shareTitle": "Comparte fotos",
      "shareText": "Antes/después."
    },
    "map": {
      "title": "Mapa interactivo",
      "areaName": "Nombre del área",
      "areaDesc": "Descripción",
      "saveArea": "Guardar área",
      "publicList": "Áreas públicas",
      "status": "Estado",
      "dirty": "Sucio",
      "cleaned": "Limpio",
      "filter": "Filtro"
    },
    "gallery": {
      "title": "Galería de limpieza",
      "name": "Tu nombre",
      "caption": "Leyenda",
      "photo": "Foto",
      "upload": "Subir",
      "recent": "Subidas recientes"
    },
    "leaderboard": {
      "title": "Clasificación"
    },
    "auth": {
      "title": "Registrarse / Iniciar sesión",
      "signup": "Registrarse",
      "login": "Iniciar sesión"
    },
    "survey": {
      "title": "Encuesta del sitio",
      "q1": "¿Qué tan fácil es usar el sitio?",
      "q2": "¿Función favorita?",
      "q3": "¿Sugerencias?",
      "submit": "Enviar",
      "recent": "Comentarios recientes"
    },
    "about": {
      "title": "Sobre nosotros",
      "body": "Eco3D es un proyecto comunitario para mapear y limpiar la naturaleza."
    },
    "contact": {
      "title": "Contacto",
      "body": "Email: team@eco3d.example — Síguenos: @eco3d"
    },
    "tutorials": {
      "title": "Tutoriales",
      "cleaning": "Limpieza de la naturaleza",
      "sorting": "Separación de residuos",
      "recycling": "Reciclaje"
    }
  },
  "ko": {
    "site": {
      "title": "Eco3D | 지구를 아끼자",
      "brand": "Eco3D",
      "tagline": "지구를 한 곳씩 깨끗하게."
    },
    "nav": {
      "map": "지도",
      "gallery": "갤러리",
      "leaderboard": "리더보드",
      "tutorials": "튜토리얼",
      "survey": "설문",
      "about": "소개",
      "contact": "문의",
      "login": "로그인"
    },
    "hero": {
      "title": "우리의 집을 지키자",
      "subtitle": "오염 지역을 표시하고 청소하여 사진을 공유하고 점수를 얻으세요."
    },
    "cta": {
      "map": "지도 열기",
      "gallery": "갤러리 보기"
    },
    "cards": {
      "cleanTitle": "청소 & 포인트",
      "cleanText": "검증된 청소마다 5점.",
      "mapTitle": "지도 표시",
      "mapText": "도움이 필요한 지역을 추가.",
      "shareTitle": "사진 공유",
      "shareText": "전/후 사진 환영."
    },
    "map": {
      "title": "인터랙티브 지도",
      "areaName": "지역 이름",
      "areaDesc": "설명",
      "saveArea": "지역 저장",
      "publicList": "공개 지역",
      "status": "상태",
      "dirty": "오염",
      "cleaned": "정화됨",
      "filter": "필터"
    },
    "gallery": {
      "title": "청소 갤러리",
      "name": "이름",
      "caption": "캡션",
      "photo": "사진",
      "upload": "업로드",
      "recent": "최근 업로드"
    },
    "leaderboard": {
      "title": "리더보드"
    },
    "auth": {
      "title": "회원가입 / 로그인",
      "signup": "회원가입",
      "login": "로그인"
    },
    "survey": {
      "title": "웹사이트 설문",
      "q1": "사이트 사용이 얼마나 쉬웠나요?",
      "q2": "가장 마음에 드는 기능?",
      "q3": "제안사항?",
      "submit": "제출",
      "recent": "최근 피드백"
    },
    "about": {
      "title": "소개",
      "body": "Eco3D는 자연을 지도에 표시하고 청소하는 커뮤니티 프로젝트입니다."
    },
    "contact": {
      "title": "문의",
      "body": "Email: team@eco3d.example — 팔로우: @eco3d"
    },
    "tutorials": {
      "title": "튜토리얼",
      "cleaning": "자연 청소",
      "sorting": "분리수거",
      "recycling": "재활용"
    }
  }
}